language,mean,ci95_low,ci95_high
English,0.019351903630764732,0.014729094429875165,0.024229100421657206
Chinese,0.02385990467791546,0.01862008448222152,0.028645373539921776
