{
  "schema": "precision-replay-ablation-analysis-v1",
  "selected_seed": 0,
  "bootstrap_repetitions": 10000,
  "bootstrap_seed": 20260720,
  "sources": {
    "forward_top2": {
      "path": "outputs\\R044_qwen_replay_scale.json",
      "sha256": "6a6eaa292e8ac490b38932969879323cc44088361ceabd20b51466a836fc3110"
    },
    "forward_top4": {
      "path": "outputs\\R045_qwen_contract_k4.json",
      "sha256": "106d47424ed54c188053acc2709a1c80955ec8b113631d1242cd4fc5273b1b17"
    },
    "reverse_top2": {
      "path": "outputs\\R046_qwen_reverse_precision.json",
      "sha256": "0db87168911af7e1c65274df5c5e680f1e648f20e14d5555e50b9fbbfca755fb"
    }
  },
  "variants": {
    "forward_top2": {
      "run_label": "R044",
      "result_signature": "c9ca57129a664a4114d7c186527c176c5e898596c1549e62724d88679a30c62d",
      "reference_dtype": "float16",
      "replay_dtype": "bfloat16",
      "contract_top_k": 2,
      "trials": 20,
      "tokens": 1500,
      "corrected_exact": 20,
      "corrected_exact_wilson95": [
        0.8388748419471806,
        1.0
      ],
      "sentence_complete": 20,
      "sentence_complete_wilson95": [
        0.8388748419471806,
        1.0
      ],
      "reference_tokens_per_second": 11.526479922181988,
      "replay_tokens_per_second": 2.5910437502557944,
      "top4_coverage": 0.9993333333333333,
      "top8_coverage": 1.0,
      "metrics": {
        "correction_rate": {
          "value": 0.02,
          "ci95": [
            0.012153615659913753,
            0.028727866042523656
          ]
        },
        "contract_source_mass": {
          "value": 0.7335440213815764,
          "ci95": [
            0.7097980573971122,
            0.759122440128056
          ]
        },
        "contract_truncation_kl_nats": {
          "value": 0.383661466419403,
          "ci95": [
            0.33972576131176285,
            0.42630984452541776
          ]
        },
        "quantization_kl_nats": {
          "value": 0.00256698169951994,
          "ci95": [
            0.00238187604054128,
            0.0027457431069070693
          ]
        },
        "quantization_tv": {
          "value": 0.02257538480703482,
          "ci95": [
            0.02112380946337456,
            0.023908968961234754
          ]
        },
        "contract_exact_rate": {
          "value": 0.8446666666666667,
          "ci95": [
            0.8290189853312815,
            0.8597403473128354
          ]
        },
        "record_ratio": {
          "value": 0.02666666666666667,
          "ci95": [
            0.016375781081663435,
            0.03781228899392303
          ]
        },
        "sentence_complete_rate": {
          "value": 1.0,
          "ci95": [
            1.0,
            1.0
          ]
        },
        "corrected_exact_rate": {
          "value": 1.0,
          "ci95": [
            1.0,
            1.0
          ]
        },
        "uncorrected_exact_rate": {
          "value": 0.25,
          "ci95": [
            0.1,
            0.45
          ]
        }
      }
    },
    "forward_top4": {
      "run_label": "R045-K4",
      "result_signature": "78219da2795f0beaa0a2a38ff10713f749256dd3e0b56440a5eaa6c3818f3e64",
      "reference_dtype": "float16",
      "replay_dtype": "bfloat16",
      "contract_top_k": 4,
      "trials": 20,
      "tokens": 1623,
      "corrected_exact": 20,
      "corrected_exact_wilson95": [
        0.8388748419471806,
        1.0
      ],
      "sentence_complete": 16,
      "sentence_complete_wilson95": [
        0.5839825677481064,
        0.919342337420202
      ],
      "reference_tokens_per_second": 13.642576785861094,
      "replay_tokens_per_second": 4.185117591109548,
      "top4_coverage": 0.9950708564386938,
      "top8_coverage": 1.0,
      "metrics": {
        "correction_rate": {
          "value": 0.024029574861367836,
          "ci95": [
            0.01954971779668623,
            0.028483019044938548
          ]
        },
        "contract_source_mass": {
          "value": 0.8446235597717205,
          "ci95": [
            0.8236217158728936,
            0.862592568036936
          ]
        },
        "contract_truncation_kl_nats": {
          "value": 0.19780144165589647,
          "ci95": [
            0.17198029899595224,
            0.22825539134836398
          ]
        },
        "quantization_kl_nats": {
          "value": 0.0024685986413091315,
          "ci95": [
            0.0022644529928711144,
            0.00267848002955094
          ]
        },
        "quantization_tv": {
          "value": 0.021900923728073587,
          "ci95": [
            0.02044497898839871,
            0.023409399682692206
          ]
        },
        "contract_exact_rate": {
          "value": 0.5933456561922366,
          "ci95": [
            0.5746084105026311,
            0.6123399999023486
          ]
        },
        "record_ratio": {
          "value": 0.03203943314849045,
          "ci95": [
            0.02620576051540527,
            0.03800287801287471
          ]
        },
        "sentence_complete_rate": {
          "value": 0.8,
          "ci95": [
            0.6,
            0.95
          ]
        },
        "corrected_exact_rate": {
          "value": 1.0,
          "ci95": [
            1.0,
            1.0
          ]
        },
        "uncorrected_exact_rate": {
          "value": 0.05,
          "ci95": [
            0.0,
            0.15
          ]
        }
      }
    },
    "reverse_top2": {
      "run_label": "R046-REVERSE",
      "result_signature": "3f7389ea15417322e2f6ef46416ef3113e1cb9d12272e7b82f74dbf1c4f05c66",
      "reference_dtype": "bfloat16",
      "replay_dtype": "float16",
      "contract_top_k": 2,
      "trials": 20,
      "tokens": 1561,
      "corrected_exact": 20,
      "corrected_exact_wilson95": [
        0.8388748419471806,
        1.0
      ],
      "sentence_complete": 19,
      "sentence_complete_wilson95": [
        0.763868806553258,
        0.9911185511992047
      ],
      "reference_tokens_per_second": 12.462465793415895,
      "replay_tokens_per_second": 4.0535608256693765,
      "top4_coverage": 0.9987187700192185,
      "top8_coverage": 1.0,
      "metrics": {
        "correction_rate": {
          "value": 0.02114029468289558,
          "ci95": [
            0.013788348990026936,
            0.029013539651837523
          ]
        },
        "contract_source_mass": {
          "value": 0.7321686674937682,
          "ci95": [
            0.702071926338841,
            0.764558636480247
          ]
        },
        "contract_truncation_kl_nats": {
          "value": 0.38656343134927157,
          "ci95": [
            0.33290752915014804,
            0.43902982339468805
          ]
        },
        "quantization_kl_nats": {
          "value": 0.002662513894260206,
          "ci95": [
            0.0023755350639359262,
            0.002935080430342884
          ]
        },
        "quantization_tv": {
          "value": 0.02423311495523164,
          "ci95": [
            0.02197126470757731,
            0.026346790102864538
          ]
        },
        "contract_exact_rate": {
          "value": 0.8424087123638693,
          "ci95": [
            0.8239389860800879,
            0.8615003420975467
          ]
        },
        "record_ratio": {
          "value": 0.028187059577194105,
          "ci95": [
            0.017968545604281735,
            0.038685277067257
          ]
        },
        "sentence_complete_rate": {
          "value": 0.95,
          "ci95": [
            0.85,
            1.0
          ]
        },
        "corrected_exact_rate": {
          "value": 1.0,
          "ci95": [
            1.0,
            1.0
          ]
        },
        "uncorrected_exact_rate": {
          "value": 0.25,
          "ci95": [
            0.1,
            0.45
          ]
        }
      }
    }
  },
  "comparisons": {
    "top4_minus_top2": {
      "matched_trials": 20,